Topic,sum(SentimentTitle),sum(SentimentHeadline),avg(SentimentTitle),avg(SentimentHeadline)
obama,-27.604435365771188,-507.6201974213478,-0.0009648526866749803,-0.01774275419158853
economy,-350.89723953455325,-1340.138817215568,-0.010342408616321424,-0.039499493551508134
palestine,-177.61514431068503,-393.38238008336043,-0.020085394584494518,-0.04448517246221423
microsoft,51.56650733416512,-322.2826752054228,0.002359159453479967,-0.014744380785315344
